file,class,method,variable,usage
/home/jota/classroom/lab-02-qualidade-java/repos/proxyee-down/main/src/main/java/org/pdown/gui/extension/mitm/intercept/SniffIntercept.java,org.pdown.gui.extension.mitm.intercept.SniffIntercept,isDownContentType/1[java.lang.String],CONTENT_TYPES,1
/home/jota/classroom/lab-02-qualidade-java/repos/proxyee-down/main/src/main/java/org/pdown/gui/extension/mitm/intercept/SniffIntercept.java,org.pdown.gui.extension.mitm.intercept.SniffIntercept,"beforeRequest/3[org.pdown.gui.extension.mitm.intercept.Channel,org.pdown.gui.extension.mitm.intercept.HttpRequest,org.pdown.gui.extension.mitm.intercept.HttpProxyInterceptPipeline]",matchFlag,3
/home/jota/classroom/lab-02-qualidade-java/repos/proxyee-down/main/src/main/java/org/pdown/gui/extension/mitm/intercept/SniffIntercept.java,org.pdown.gui.extension.mitm.intercept.SniffIntercept,"beforeRequest/3[org.pdown.gui.extension.mitm.intercept.Channel,org.pdown.gui.extension.mitm.intercept.HttpRequest,org.pdown.gui.extension.mitm.intercept.HttpProxyInterceptPipeline]",content,1
/home/jota/classroom/lab-02-qualidade-java/repos/proxyee-down/main/src/main/java/org/pdown/gui/extension/mitm/intercept/SniffIntercept.java,org.pdown.gui.extension.mitm.intercept.SniffIntercept,"beforeRequest/3[org.pdown.gui.extension.mitm.intercept.Channel,org.pdown.gui.extension.mitm.intercept.HttpContent,org.pdown.gui.extension.mitm.intercept.HttpProxyInterceptPipeline]",matchFlag,1
/home/jota/classroom/lab-02-qualidade-java/repos/proxyee-down/main/src/main/java/org/pdown/gui/extension/mitm/intercept/SniffIntercept.java,org.pdown.gui.extension.mitm.intercept.SniffIntercept,"beforeRequest/3[org.pdown.gui.extension.mitm.intercept.Channel,org.pdown.gui.extension.mitm.intercept.HttpContent,org.pdown.gui.extension.mitm.intercept.HttpProxyInterceptPipeline]",content,6
/home/jota/classroom/lab-02-qualidade-java/repos/proxyee-down/main/src/main/java/org/pdown/gui/extension/mitm/intercept/SniffIntercept.java,org.pdown.gui.extension.mitm.intercept.SniffIntercept,"afterResponse/4[org.pdown.gui.extension.mitm.intercept.Channel,org.pdown.gui.extension.mitm.intercept.Channel,org.pdown.gui.extension.mitm.intercept.HttpResponse,org.pdown.gui.extension.mitm.intercept.HttpProxyInterceptPipeline]",matchFlag,1
/home/jota/classroom/lab-02-qualidade-java/repos/proxyee-down/main/src/main/java/org/pdown/gui/extension/mitm/intercept/SniffIntercept.java,org.pdown.gui.extension.mitm.intercept.SniffIntercept,"afterResponse/4[org.pdown.gui.extension.mitm.intercept.Channel,org.pdown.gui.extension.mitm.intercept.Channel,org.pdown.gui.extension.mitm.intercept.HttpResponse,org.pdown.gui.extension.mitm.intercept.HttpProxyInterceptPipeline]",downFlag,2
/home/jota/classroom/lab-02-qualidade-java/repos/proxyee-down/main/src/main/java/org/pdown/gui/extension/mitm/intercept/SniffIntercept.java,org.pdown.gui.extension.mitm.intercept.SniffIntercept,"afterResponse/4[org.pdown.gui.extension.mitm.intercept.Channel,org.pdown.gui.extension.mitm.intercept.Channel,org.pdown.gui.extension.mitm.intercept.HttpResponse,org.pdown.gui.extension.mitm.intercept.HttpProxyInterceptPipeline]",LOGGER,1
/home/jota/classroom/lab-02-qualidade-java/repos/proxyee-down/main/src/main/java/org/pdown/gui/extension/mitm/intercept/SniffIntercept.java,org.pdown.gui.extension.mitm.intercept.SniffIntercept,"afterResponse/4[org.pdown.gui.extension.mitm.intercept.Channel,org.pdown.gui.extension.mitm.intercept.Channel,org.pdown.gui.extension.mitm.intercept.HttpResponse,org.pdown.gui.extension.mitm.intercept.HttpProxyInterceptPipeline]",content,3
/home/jota/classroom/lab-02-qualidade-java/repos/proxyee-down/main/src/main/java/org/pdown/gui/extension/mitm/intercept/SniffIntercept.java,org.pdown.gui.extension.mitm.intercept.SniffIntercept,"afterResponse/4[org.pdown.gui.extension.mitm.intercept.Channel,org.pdown.gui.extension.mitm.intercept.Channel,org.pdown.gui.extension.mitm.intercept.HttpContent,org.pdown.gui.extension.mitm.intercept.HttpProxyInterceptPipeline]",matchFlag,1
/home/jota/classroom/lab-02-qualidade-java/repos/proxyee-down/main/src/main/java/org/pdown/gui/extension/mitm/intercept/SniffIntercept.java,org.pdown.gui.extension.mitm.intercept.SniffIntercept,"afterResponse/4[org.pdown.gui.extension.mitm.intercept.Channel,org.pdown.gui.extension.mitm.intercept.Channel,org.pdown.gui.extension.mitm.intercept.HttpContent,org.pdown.gui.extension.mitm.intercept.HttpProxyInterceptPipeline]",downFlag,1
/home/jota/classroom/lab-02-qualidade-java/repos/proxyee-down/main/src/main/java/org/pdown/gui/http/controller/PacController.java,org.pdown.gui.http.controller.PacController,"build/2[org.pdown.gui.http.controller.Channel,org.pdown.gui.http.controller.FullHttpRequest]",PAC_TEMPLATE,1
/home/jota/classroom/lab-02-qualidade-java/repos/proxyee-down/main/src/main/java/org/pdown/gui/extension/ExtensionConfig.java,org.pdown.gui.extension.ExtensionConfig,getLocalExtensions/0,localExtensions,1
/home/jota/classroom/lab-02-qualidade-java/repos/proxyee-down/main/src/main/java/org/pdown/gui/extension/ExtensionConfig.java,org.pdown.gui.extension.ExtensionConfig,setLocalExtensions/1[java.util.List<java.lang.String>],localExtensions,3
/home/jota/classroom/lab-02-qualidade-java/repos/proxyee-down/main/src/main/java/org/pdown/gui/com/Browser.java,org.pdown.gui.com.Browser,layoutChildren/0,webView,1
/home/jota/classroom/lab-02-qualidade-java/repos/proxyee-down/main/src/main/java/org/pdown/gui/com/Browser.java,org.pdown.gui.com.Browser,refreshText/0,copy,1
/home/jota/classroom/lab-02-qualidade-java/repos/proxyee-down/main/src/main/java/org/pdown/gui/com/Browser.java,org.pdown.gui.com.Browser,refreshText/0,paste,1
/home/jota/classroom/lab-02-qualidade-java/repos/proxyee-down/main/src/main/java/org/pdown/gui/com/Browser.java,org.pdown.gui.com.Browser,load/1[java.lang.String],webEngine,1
/home/jota/classroom/lab-02-qualidade-java/repos/proxyee-down/main/src/main/java/org/pdown/gui/com/Browser.java,org.pdown.gui.com.Browser,isLoad/0,webEngine,1
/home/jota/classroom/lab-02-qualidade-java/repos/proxyee-down/main/src/main/java/org/pdown/gui/com/Browser.java,org.pdown.gui.com.Browser,Browser/0,webView,6
/home/jota/classroom/lab-02-qualidade-java/repos/proxyee-down/main/src/main/java/org/pdown/gui/com/Browser.java,org.pdown.gui.com.Browser,Browser/0,copy,3
/home/jota/classroom/lab-02-qualidade-java/repos/proxyee-down/main/src/main/java/org/pdown/gui/com/Browser.java,org.pdown.gui.com.Browser,Browser/0,paste,3
/home/jota/classroom/lab-02-qualidade-java/repos/proxyee-down/main/src/main/java/org/pdown/gui/extension/Meta.java,org.pdown.gui.extension.Meta,"setData/1[java.util.Map<java.lang.String,java.lang.Object>]",data,3
/home/jota/classroom/lab-02-qualidade-java/repos/proxyee-down/main/src/main/java/org/pdown/gui/extension/Meta.java,org.pdown.gui.extension.Meta,getData/0,data,1
/home/jota/classroom/lab-02-qualidade-java/repos/proxyee-down/main/src/main/java/org/pdown/gui/extension/Meta.java,org.pdown.gui.extension.Meta,getPath/0,path,1
/home/jota/classroom/lab-02-qualidade-java/repos/proxyee-down/main/src/main/java/org/pdown/gui/extension/Meta.java,org.pdown.gui.extension.Meta,setFullPath/1[java.lang.String],fullPath,3
/home/jota/classroom/lab-02-qualidade-java/repos/proxyee-down/main/src/main/java/org/pdown/gui/extension/Meta.java,org.pdown.gui.extension.Meta,isEnabled/0,enabled,1
/home/jota/classroom/lab-02-qualidade-java/repos/proxyee-down/main/src/main/java/org/pdown/gui/extension/Meta.java,org.pdown.gui.extension.Meta,save/0,CONFIG_FILE,1
/home/jota/classroom/lab-02-qualidade-java/repos/proxyee-down/main/src/main/java/org/pdown/gui/extension/Meta.java,org.pdown.gui.extension.Meta,setLocal/1[boolean],local,3
/home/jota/classroom/lab-02-qualidade-java/repos/proxyee-down/main/src/main/java/org/pdown/gui/extension/Meta.java,org.pdown.gui.extension.Meta,getSettings/0,settings,1
/home/jota/classroom/lab-02-qualidade-java/repos/proxyee-down/main/src/main/java/org/pdown/gui/extension/Meta.java,org.pdown.gui.extension.Meta,setPath/1[java.lang.String],path,3
/home/jota/classroom/lab-02-qualidade-java/repos/proxyee-down/main/src/main/java/org/pdown/gui/extension/Meta.java,org.pdown.gui.extension.Meta,load/1[java.lang.String],path,4
/home/jota/classroom/lab-02-qualidade-java/repos/proxyee-down/main/src/main/java/org/pdown/gui/extension/Meta.java,org.pdown.gui.extension.Meta,load/1[java.lang.String],CONFIG_FILE,1
/home/jota/classroom/lab-02-qualidade-java/repos/proxyee-down/main/src/main/java/org/pdown/gui/extension/Meta.java,org.pdown.gui.extension.Meta,setEnabled/1[boolean],enabled,3
/home/jota/classroom/lab-02-qualidade-java/repos/proxyee-down/main/src/main/java/org/pdown/gui/extension/Meta.java,org.pdown.gui.extension.Meta,"setSettings/1[java.util.Map<java.lang.String,java.lang.Object>]",settings,3
/home/jota/classroom/lab-02-qualidade-java/repos/proxyee-down/main/src/main/java/org/pdown/gui/extension/Meta.java,org.pdown.gui.extension.Meta,getFullPath/0,fullPath,1
/home/jota/classroom/lab-02-qualidade-java/repos/proxyee-down/main/src/main/java/org/pdown/gui/extension/Meta.java,org.pdown.gui.extension.Meta,isLocal/0,local,1
/home/jota/classroom/lab-02-qualidade-java/repos/proxyee-down/main/src/main/java/org/pdown/gui/extension/mitm/intercept/AjaxIntercept.java,org.pdown.gui.extension.mitm.intercept.AjaxIntercept,"afterResponse/4[org.pdown.gui.extension.mitm.intercept.Channel,org.pdown.gui.extension.mitm.intercept.Channel,org.pdown.gui.extension.mitm.intercept.HttpResponse,org.pdown.gui.extension.mitm.intercept.HttpProxyInterceptPipeline]",proxyFlag,1
/home/jota/classroom/lab-02-qualidade-java/repos/proxyee-down/main/src/main/java/org/pdown/gui/extension/mitm/intercept/AjaxIntercept.java,org.pdown.gui.extension.mitm.intercept.AjaxIntercept,"afterResponse/4[org.pdown.gui.extension.mitm.intercept.Channel,org.pdown.gui.extension.mitm.intercept.Channel,org.pdown.gui.extension.mitm.intercept.HttpResponse,org.pdown.gui.extension.mitm.intercept.HttpProxyInterceptPipeline]",PROXY_SEND_KEY,1
/home/jota/classroom/lab-02-qualidade-java/repos/proxyee-down/main/src/main/java/org/pdown/gui/extension/mitm/intercept/AjaxIntercept.java,org.pdown.gui.extension.mitm.intercept.AjaxIntercept,"beforeRequest/3[org.pdown.gui.extension.mitm.intercept.Channel,org.pdown.gui.extension.mitm.intercept.HttpRequest,org.pdown.gui.extension.mitm.intercept.HttpProxyInterceptPipeline]",proxyFlag,1
/home/jota/classroom/lab-02-qualidade-java/repos/proxyee-down/main/src/main/java/org/pdown/gui/extension/mitm/intercept/AjaxIntercept.java,org.pdown.gui.extension.mitm.intercept.AjaxIntercept,"beforeRequest/3[org.pdown.gui.extension.mitm.intercept.Channel,org.pdown.gui.extension.mitm.intercept.HttpRequest,org.pdown.gui.extension.mitm.intercept.HttpProxyInterceptPipeline]",PROXY_SEND_KEY,1
/home/jota/classroom/lab-02-qualidade-java/repos/proxyee-down/main/src/main/java/org/pdown/gui/extension/mitm/intercept/AjaxIntercept.java,org.pdown.gui.extension.mitm.intercept.AjaxIntercept,"afterResponse/4[org.pdown.gui.extension.mitm.intercept.Channel,org.pdown.gui.extension.mitm.intercept.Channel,org.pdown.gui.extension.mitm.intercept.HttpContent,org.pdown.gui.extension.mitm.intercept.HttpProxyInterceptPipeline]",proxyFlag,1
/home/jota/classroom/lab-02-qualidade-java/repos/proxyee-down/main/src/main/java/org/pdown/gui/util/I18nUtil.java,org.pdown.gui.util.I18nUtil,"getMessage/2[java.lang.String,java.lang.Object[]]",DEFAULT_LOCALE,1
/home/jota/classroom/lab-02-qualidade-java/repos/proxyee-down/main/src/main/java/org/pdown/gui/util/I18nUtil.java,org.pdown.gui.util.I18nUtil,"getMessage/2[java.lang.String,java.lang.Object[]]",map,4
/home/jota/classroom/lab-02-qualidade-java/repos/proxyee-down/main/src/main/java/org/pdown/gui/rest/HttpDownAppCallback.java,org.pdown.gui.rest.HttpDownAppCallback,"commonHook/3[org.pdown.gui.rest.HttpDownBootstrap,java.lang.String,boolean]",LOGGER,1
/home/jota/classroom/lab-02-qualidade-java/repos/proxyee-down/main/src/main/java/org/pdown/gui/extension/Setting.java,org.pdown.gui.extension.Setting,getName/0,name,1
/home/jota/classroom/lab-02-qualidade-java/repos/proxyee-down/main/src/main/java/org/pdown/gui/extension/Setting.java,org.pdown.gui.extension.Setting,getType/0,type,1
/home/jota/classroom/lab-02-qualidade-java/repos/proxyee-down/main/src/main/java/org/pdown/gui/extension/Setting.java,org.pdown.gui.extension.Setting,setValue/1[java.lang.Object],value,3
/home/jota/classroom/lab-02-qualidade-java/repos/proxyee-down/main/src/main/java/org/pdown/gui/extension/Setting.java,org.pdown.gui.extension.Setting,getValue/0,value,1
/home/jota/classroom/lab-02-qualidade-java/repos/proxyee-down/main/src/main/java/org/pdown/gui/extension/Setting.java,org.pdown.gui.extension.Setting,setDescription/1[java.lang.String],description,3
/home/jota/classroom/lab-02-qualidade-java/repos/proxyee-down/main/src/main/java/org/pdown/gui/extension/Setting.java,org.pdown.gui.extension.Setting,setMultiple/1[boolean],isMultiple,1
/home/jota/classroom/lab-02-qualidade-java/repos/proxyee-down/main/src/main/java/org/pdown/gui/extension/Setting.java,org.pdown.gui.extension.Setting,setTitle/1[java.lang.String],title,3
/home/jota/classroom/lab-02-qualidade-java/repos/proxyee-down/main/src/main/java/org/pdown/gui/extension/Setting.java,org.pdown.gui.extension.Setting,getDescription/0,description,1
/home/jota/classroom/lab-02-qualidade-java/repos/proxyee-down/main/src/main/java/org/pdown/gui/extension/Setting.java,org.pdown.gui.extension.Setting,getOptions/0,options,1
/home/jota/classroom/lab-02-qualidade-java/repos/proxyee-down/main/src/main/java/org/pdown/gui/extension/Setting.java,org.pdown.gui.extension.Setting,getTitle/0,title,1
/home/jota/classroom/lab-02-qualidade-java/repos/proxyee-down/main/src/main/java/org/pdown/gui/extension/Setting.java,org.pdown.gui.extension.Setting,isMultiple/0,isMultiple,2
/home/jota/classroom/lab-02-qualidade-java/repos/proxyee-down/main/src/main/java/org/pdown/gui/extension/Setting.java,org.pdown.gui.extension.Setting,setType/1[java.lang.String],type,3
/home/jota/classroom/lab-02-qualidade-java/repos/proxyee-down/main/src/main/java/org/pdown/gui/extension/Setting.java,org.pdown.gui.extension.Setting,"setOptions/1[java.util.Map<java.lang.String,java.lang.Object>]",options,3
/home/jota/classroom/lab-02-qualidade-java/repos/proxyee-down/main/src/main/java/org/pdown/gui/extension/Setting.java,org.pdown.gui.extension.Setting,setName/1[java.lang.String],name,3
/home/jota/classroom/lab-02-qualidade-java/repos/proxyee-down/main/src/main/java/org/pdown/gui/update/VersionInfo.java,org.pdown.gui.update.VersionInfo,setVersion/1[double],version,3
/home/jota/classroom/lab-02-qualidade-java/repos/proxyee-down/main/src/main/java/org/pdown/gui/update/VersionInfo.java,org.pdown.gui.update.VersionInfo,getPath/0,path,1
/home/jota/classroom/lab-02-qualidade-java/repos/proxyee-down/main/src/main/java/org/pdown/gui/update/VersionInfo.java,org.pdown.gui.update.VersionInfo,getVersion/0,version,1
/home/jota/classroom/lab-02-qualidade-java/repos/proxyee-down/main/src/main/java/org/pdown/gui/update/VersionInfo.java,org.pdown.gui.update.VersionInfo,setPath/1[java.lang.String],path,3
/home/jota/classroom/lab-02-qualidade-java/repos/proxyee-down/main/src/main/java/org/pdown/gui/entity/PDownConfigInfo.java,org.pdown.gui.entity.PDownConfigInfo,getUpdateCheckRate/0,updateCheckRate,1
/home/jota/classroom/lab-02-qualidade-java/repos/proxyee-down/main/src/main/java/org/pdown/gui/entity/PDownConfigInfo.java,org.pdown.gui.entity.PDownConfigInfo,setProxyConfig/1[org.pdown.gui.entity.ProxyConfig],proxyConfig,3
/home/jota/classroom/lab-02-qualidade-java/repos/proxyee-down/main/src/main/java/org/pdown/gui/entity/PDownConfigInfo.java,org.pdown.gui.entity.PDownConfigInfo,getLastUpdateCheck/0,lastUpdateCheck,1
/home/jota/classroom/lab-02-qualidade-java/repos/proxyee-down/main/src/main/java/org/pdown/gui/entity/PDownConfigInfo.java,org.pdown.gui.entity.PDownConfigInfo,getProxyMode/0,proxyMode,1
/home/jota/classroom/lab-02-qualidade-java/repos/proxyee-down/main/src/main/java/org/pdown/gui/entity/PDownConfigInfo.java,org.pdown.gui.entity.PDownConfigInfo,setUiMode/1[int],uiMode,3
/home/jota/classroom/lab-02-qualidade-java/repos/proxyee-down/main/src/main/java/org/pdown/gui/entity/PDownConfigInfo.java,org.pdown.gui.entity.PDownConfigInfo,isAutoOpen/0,autoOpen,1
/home/jota/classroom/lab-02-qualidade-java/repos/proxyee-down/main/src/main/java/org/pdown/gui/entity/PDownConfigInfo.java,org.pdown.gui.entity.PDownConfigInfo,setLastUpdateCheck/1[long],lastUpdateCheck,3
/home/jota/classroom/lab-02-qualidade-java/repos/proxyee-down/main/src/main/java/org/pdown/gui/entity/PDownConfigInfo.java,org.pdown.gui.entity.PDownConfigInfo,setLocale/1[java.lang.String],locale,3
/home/jota/classroom/lab-02-qualidade-java/repos/proxyee-down/main/src/main/java/org/pdown/gui/entity/PDownConfigInfo.java,org.pdown.gui.entity.PDownConfigInfo,getExtFileServers/0,extFileServers,1
/home/jota/classroom/lab-02-qualidade-java/repos/proxyee-down/main/src/main/java/org/pdown/gui/entity/PDownConfigInfo.java,org.pdown.gui.entity.PDownConfigInfo,getLocale/0,locale,1
/home/jota/classroom/lab-02-qualidade-java/repos/proxyee-down/main/src/main/java/org/pdown/gui/entity/PDownConfigInfo.java,org.pdown.gui.entity.PDownConfigInfo,setProxyMode/1[int],proxyMode,3
/home/jota/classroom/lab-02-qualidade-java/repos/proxyee-down/main/src/main/java/org/pdown/gui/entity/PDownConfigInfo.java,org.pdown.gui.entity.PDownConfigInfo,setAutoOpen/1[boolean],autoOpen,3
/home/jota/classroom/lab-02-qualidade-java/repos/proxyee-down/main/src/main/java/org/pdown/gui/entity/PDownConfigInfo.java,org.pdown.gui.entity.PDownConfigInfo,convert/1[org.pdown.gui.entity.ProxyConfig],proxyConfig,7
/home/jota/classroom/lab-02-qualidade-java/repos/proxyee-down/main/src/main/java/org/pdown/gui/entity/PDownConfigInfo.java,org.pdown.gui.entity.PDownConfigInfo,getUiMode/0,uiMode,1
/home/jota/classroom/lab-02-qualidade-java/repos/proxyee-down/main/src/main/java/org/pdown/gui/entity/PDownConfigInfo.java,org.pdown.gui.entity.PDownConfigInfo,setExtFileServers/1[java.util.List<java.lang.String>],extFileServers,3
/home/jota/classroom/lab-02-qualidade-java/repos/proxyee-down/main/src/main/java/org/pdown/gui/entity/PDownConfigInfo.java,org.pdown.gui.entity.PDownConfigInfo,setUpdateCheckRate/1[int],updateCheckRate,3
/home/jota/classroom/lab-02-qualidade-java/repos/proxyee-down/main/src/main/java/org/pdown/gui/entity/PDownConfigInfo.java,org.pdown.gui.entity.PDownConfigInfo,getProxyConfig/0,proxyConfig,1
/home/jota/classroom/lab-02-qualidade-java/repos/proxyee-down/main/src/main/java/org/pdown/gui/extension/jsruntime/polyfill/Window.java,org.pdown.gui.extension.jsruntime.polyfill.Window,clearTimeout/1[java.lang.Long],TIMEOUT_THREAD_NAME,1
/home/jota/classroom/lab-02-qualidade-java/repos/proxyee-down/main/src/main/java/org/pdown/gui/extension/jsruntime/polyfill/Window.java,org.pdown.gui.extension.jsruntime.polyfill.Window,clearInterval/1[java.lang.Long],INTERVAL_THREAD_NAME,1
/home/jota/classroom/lab-02-qualidade-java/repos/proxyee-down/main/src/main/java/org/pdown/gui/extension/jsruntime/polyfill/Window.java,org.pdown.gui.extension.jsruntime.polyfill.Window,"setTimeout/2[java.util.function.Function,long]",TIMEOUT_THREAD_NAME,1
/home/jota/classroom/lab-02-qualidade-java/repos/proxyee-down/main/src/main/java/org/pdown/gui/extension/jsruntime/polyfill/Window.java,org.pdown.gui.extension.jsruntime.polyfill.Window,"setTimeout/2[java.util.function.Function,long]",THREAD_ID,1
/home/jota/classroom/lab-02-qualidade-java/repos/proxyee-down/main/src/main/java/org/pdown/gui/extension/jsruntime/polyfill/Window.java,org.pdown.gui.extension.jsruntime.polyfill.Window,"setInterval/2[java.util.function.Function,long]",INTERVAL_THREAD_NAME,1
/home/jota/classroom/lab-02-qualidade-java/repos/proxyee-down/main/src/main/java/org/pdown/gui/extension/jsruntime/polyfill/Window.java,org.pdown.gui.extension.jsruntime.polyfill.Window,"setInterval/2[java.util.function.Function,long]",THREAD_ID,1
/home/jota/classroom/lab-02-qualidade-java/repos/proxyee-down/main/src/main/java/org/pdown/gui/extension/jsruntime/polyfill/property/Document.java,org.pdown.gui.extension.jsruntime.polyfill.property.Document,getCookie/0,cookie,1
/home/jota/classroom/lab-02-qualidade-java/repos/proxyee-down/main/src/main/java/org/pdown/gui/extension/jsruntime/polyfill/property/Document.java,org.pdown.gui.extension.jsruntime.polyfill.property.Document,setCookie/1[java.lang.String],cookie,3
/home/jota/classroom/lab-02-qualidade-java/repos/proxyee-down/main/src/main/java/org/pdown/gui/extension/mitm/intercept/AjaxIntercept.java,org.pdown.gui.extension.mitm.intercept.AjaxIntercept$ProxyResponse,getData/0,data,1
/home/jota/classroom/lab-02-qualidade-java/repos/proxyee-down/main/src/main/java/org/pdown/gui/extension/mitm/intercept/AjaxIntercept.java,org.pdown.gui.extension.mitm.intercept.AjaxIntercept$ProxyResponse,getStatus/0,status,1
/home/jota/classroom/lab-02-qualidade-java/repos/proxyee-down/main/src/main/java/org/pdown/gui/extension/mitm/intercept/AjaxIntercept.java,org.pdown.gui.extension.mitm.intercept.AjaxIntercept$ProxyResponse,setStatus/1[int],status,3
/home/jota/classroom/lab-02-qualidade-java/repos/proxyee-down/main/src/main/java/org/pdown/gui/extension/mitm/intercept/AjaxIntercept.java,org.pdown.gui.extension.mitm.intercept.AjaxIntercept$ProxyResponse,setData/1[byte[]],data,3
/home/jota/classroom/lab-02-qualidade-java/repos/proxyee-down/main/src/main/java/org/pdown/gui/extension/ExtensionInfo.java,org.pdown.gui.extension.ExtensionInfo,getProxyWildcards/0,proxyWildcards,1
/home/jota/classroom/lab-02-qualidade-java/repos/proxyee-down/main/src/main/java/org/pdown/gui/extension/ExtensionInfo.java,org.pdown.gui.extension.ExtensionInfo,setSettings/1[java.util.List<org.pdown.gui.extension.Setting>],settings,3
/home/jota/classroom/lab-02-qualidade-java/repos/proxyee-down/main/src/main/java/org/pdown/gui/extension/ExtensionInfo.java,org.pdown.gui.extension.ExtensionInfo,setHomepage/1[java.lang.String],homepage,3
/home/jota/classroom/lab-02-qualidade-java/repos/proxyee-down/main/src/main/java/org/pdown/gui/extension/ExtensionInfo.java,org.pdown.gui.extension.ExtensionInfo,setVersion/1[double],version,3
/home/jota/classroom/lab-02-qualidade-java/repos/proxyee-down/main/src/main/java/org/pdown/gui/extension/ExtensionInfo.java,org.pdown.gui.extension.ExtensionInfo,getDescription/0,description,1
/home/jota/classroom/lab-02-qualidade-java/repos/proxyee-down/main/src/main/java/org/pdown/gui/extension/ExtensionInfo.java,org.pdown.gui.extension.ExtensionInfo,setTitle/1[java.lang.String],title,3
/home/jota/classroom/lab-02-qualidade-java/repos/proxyee-down/main/src/main/java/org/pdown/gui/extension/ExtensionInfo.java,org.pdown.gui.extension.ExtensionInfo,getContentScripts/0,contentScripts,1
/home/jota/classroom/lab-02-qualidade-java/repos/proxyee-down/main/src/main/java/org/pdown/gui/extension/ExtensionInfo.java,org.pdown.gui.extension.ExtensionInfo,getSniffRegexs/0,sniffRegexs,1
/home/jota/classroom/lab-02-qualidade-java/repos/proxyee-down/main/src/main/java/org/pdown/gui/extension/ExtensionInfo.java,org.pdown.gui.extension.ExtensionInfo,getHomepage/0,homepage,1
/home/jota/classroom/lab-02-qualidade-java/repos/proxyee-down/main/src/main/java/org/pdown/gui/extension/ExtensionInfo.java,org.pdown.gui.extension.ExtensionInfo,setHookScript/1[org.pdown.gui.extension.HookScript],hookScript,3
/home/jota/classroom/lab-02-qualidade-java/repos/proxyee-down/main/src/main/java/org/pdown/gui/extension/ExtensionInfo.java,org.pdown.gui.extension.ExtensionInfo,setContentScripts/1[java.util.List<org.pdown.gui.extension.ContentScript>],contentScripts,3
/home/jota/classroom/lab-02-qualidade-java/repos/proxyee-down/main/src/main/java/org/pdown/gui/extension/ExtensionInfo.java,org.pdown.gui.extension.ExtensionInfo,setDescription/1[java.lang.String],description,3
/home/jota/classroom/lab-02-qualidade-java/repos/proxyee-down/main/src/main/java/org/pdown/gui/extension/ExtensionInfo.java,org.pdown.gui.extension.ExtensionInfo,getVersion/0,version,1
/home/jota/classroom/lab-02-qualidade-java/repos/proxyee-down/main/src/main/java/org/pdown/gui/extension/ExtensionInfo.java,org.pdown.gui.extension.ExtensionInfo,setMeta/1[org.pdown.gui.extension.Meta],meta,3
/home/jota/classroom/lab-02-qualidade-java/repos/proxyee-down/main/src/main/java/org/pdown/gui/extension/ExtensionInfo.java,org.pdown.gui.extension.ExtensionInfo,setProxyWildcards/1[java.util.List<java.lang.String>],proxyWildcards,3
/home/jota/classroom/lab-02-qualidade-java/repos/proxyee-down/main/src/main/java/org/pdown/gui/extension/ExtensionInfo.java,org.pdown.gui.extension.ExtensionInfo,getTitle/0,title,1
/home/jota/classroom/lab-02-qualidade-java/repos/proxyee-down/main/src/main/java/org/pdown/gui/extension/ExtensionInfo.java,org.pdown.gui.extension.ExtensionInfo,getMeta/0,meta,1
/home/jota/classroom/lab-02-qualidade-java/repos/proxyee-down/main/src/main/java/org/pdown/gui/extension/ExtensionInfo.java,org.pdown.gui.extension.ExtensionInfo,getHookScript/0,hookScript,1
/home/jota/classroom/lab-02-qualidade-java/repos/proxyee-down/main/src/main/java/org/pdown/gui/extension/ExtensionInfo.java,org.pdown.gui.extension.ExtensionInfo,setSniffRegexs/1[java.util.List<java.lang.String>],sniffRegexs,3
/home/jota/classroom/lab-02-qualidade-java/repos/proxyee-down/main/src/main/java/org/pdown/gui/extension/ExtensionInfo.java,org.pdown.gui.extension.ExtensionInfo,getSettings/0,settings,1
/home/jota/classroom/lab-02-qualidade-java/repos/proxyee-down/main/src/main/java/org/pdown/gui/extension/HookScript.java,org.pdown.gui.extension.HookScript$Event,getMatches/0,matches,1
/home/jota/classroom/lab-02-qualidade-java/repos/proxyee-down/main/src/main/java/org/pdown/gui/extension/HookScript.java,org.pdown.gui.extension.HookScript$Event,setMatches/1[java.lang.String[]],matches,3
/home/jota/classroom/lab-02-qualidade-java/repos/proxyee-down/main/src/main/java/org/pdown/gui/extension/HookScript.java,org.pdown.gui.extension.HookScript$Event,setMethod/1[java.lang.String],method,3
/home/jota/classroom/lab-02-qualidade-java/repos/proxyee-down/main/src/main/java/org/pdown/gui/extension/HookScript.java,org.pdown.gui.extension.HookScript$Event,getOn/0,on,1
/home/jota/classroom/lab-02-qualidade-java/repos/proxyee-down/main/src/main/java/org/pdown/gui/extension/HookScript.java,org.pdown.gui.extension.HookScript$Event,setOn/1[java.lang.String],on,3
/home/jota/classroom/lab-02-qualidade-java/repos/proxyee-down/main/src/main/java/org/pdown/gui/extension/HookScript.java,org.pdown.gui.extension.HookScript$Event,getMethod/0,method,1
/home/jota/classroom/lab-02-qualidade-java/repos/proxyee-down/main/src/main/java/org/pdown/gui/extension/mitm/intercept/ScriptIntercept.java,org.pdown.gui.extension.mitm.intercept.ScriptIntercept,"handelResponse/3[org.pdown.gui.extension.mitm.intercept.HttpRequest,org.pdown.gui.extension.mitm.intercept.FullHttpResponse,org.pdown.gui.extension.mitm.intercept.HttpProxyInterceptPipeline]",INSERT_TOKEN,2
/home/jota/classroom/lab-02-qualidade-java/repos/proxyee-down/main/src/main/java/org/pdown/gui/extension/mitm/intercept/ScriptIntercept.java,org.pdown.gui.extension.mitm.intercept.ScriptIntercept,readInsertTemplate/1[org.pdown.gui.extension.ExtensionInfo],INIT_TEMPLATE,1
/home/jota/classroom/lab-02-qualidade-java/repos/proxyee-down/main/src/main/java/org/pdown/gui/extension/ContentScript.java,org.pdown.gui.extension.ContentScript,getScripts/0,scripts,1
/home/jota/classroom/lab-02-qualidade-java/repos/proxyee-down/main/src/main/java/org/pdown/gui/extension/ContentScript.java,org.pdown.gui.extension.ContentScript,isMatch/1[java.lang.String],matches,3
/home/jota/classroom/lab-02-qualidade-java/repos/proxyee-down/main/src/main/java/org/pdown/gui/extension/ContentScript.java,org.pdown.gui.extension.ContentScript,setScripts/1[java.lang.String[]],scripts,3
/home/jota/classroom/lab-02-qualidade-java/repos/proxyee-down/main/src/main/java/org/pdown/gui/extension/ContentScript.java,org.pdown.gui.extension.ContentScript,getMatches/0,matches,1
/home/jota/classroom/lab-02-qualidade-java/repos/proxyee-down/main/src/main/java/org/pdown/gui/extension/ContentScript.java,org.pdown.gui.extension.ContentScript,setMatches/1[java.lang.String[]],matches,3
/home/jota/classroom/lab-02-qualidade-java/repos/proxyee-down/main/src/main/java/org/pdown/gui/extension/ExtensionContent.java,org.pdown.gui.extension.ExtensionContent,"refresh/2[java.lang.String,boolean]",CONFIG,3
/home/jota/classroom/lab-02-qualidade-java/repos/proxyee-down/main/src/main/java/org/pdown/gui/extension/ExtensionContent.java,org.pdown.gui.extension.ExtensionContent,"refresh/2[java.lang.String,boolean]",EXT_DIR,1
/home/jota/classroom/lab-02-qualidade-java/repos/proxyee-down/main/src/main/java/org/pdown/gui/extension/ExtensionContent.java,org.pdown.gui.extension.ExtensionContent,"refresh/2[java.lang.String,boolean]",EXTENSION_INFO_LIST,5
/home/jota/classroom/lab-02-qualidade-java/repos/proxyee-down/main/src/main/java/org/pdown/gui/extension/ExtensionContent.java,org.pdown.gui.extension.ExtensionContent,saveConfig/0,CONFIG,1
/home/jota/classroom/lab-02-qualidade-java/repos/proxyee-down/main/src/main/java/org/pdown/gui/extension/ExtensionContent.java,org.pdown.gui.extension.ExtensionContent,saveConfig/0,EXT_DIR_CONFIG,1
/home/jota/classroom/lab-02-qualidade-java/repos/proxyee-down/main/src/main/java/org/pdown/gui/extension/ExtensionContent.java,org.pdown.gui.extension.ExtensionContent,"parseExtensionDir/2[java.io.File,boolean]",EXT_MANIFEST,1
/home/jota/classroom/lab-02-qualidade-java/repos/proxyee-down/main/src/main/java/org/pdown/gui/extension/ExtensionContent.java,org.pdown.gui.extension.ExtensionContent,getProxyWildCards/0,PROXY_WILDCARDS,1
/home/jota/classroom/lab-02-qualidade-java/repos/proxyee-down/main/src/main/java/org/pdown/gui/extension/ExtensionContent.java,org.pdown.gui.extension.ExtensionContent,get/0,EXTENSION_INFO_LIST,1
/home/jota/classroom/lab-02-qualidade-java/repos/proxyee-down/main/src/main/java/org/pdown/gui/extension/ExtensionContent.java,org.pdown.gui.extension.ExtensionContent,"remove/2[java.lang.String,boolean]",CONFIG,2
/home/jota/classroom/lab-02-qualidade-java/repos/proxyee-down/main/src/main/java/org/pdown/gui/extension/ExtensionContent.java,org.pdown.gui.extension.ExtensionContent,"remove/2[java.lang.String,boolean]",EXTENSION_INFO_LIST,4
/home/jota/classroom/lab-02-qualidade-java/repos/proxyee-down/main/src/main/java/org/pdown/gui/extension/ExtensionContent.java,org.pdown.gui.extension.ExtensionContent,load/0,CONFIG,5
/home/jota/classroom/lab-02-qualidade-java/repos/proxyee-down/main/src/main/java/org/pdown/gui/extension/ExtensionContent.java,org.pdown.gui.extension.ExtensionContent,load/0,EXT_DIR_CONFIG,1
/home/jota/classroom/lab-02-qualidade-java/repos/proxyee-down/main/src/main/java/org/pdown/gui/extension/ExtensionContent.java,org.pdown.gui.extension.ExtensionContent,load/0,EXT_DIR,1
/home/jota/classroom/lab-02-qualidade-java/repos/proxyee-down/main/src/main/java/org/pdown/gui/extension/ExtensionContent.java,org.pdown.gui.extension.ExtensionContent,load/0,EXTENSION_INFO_LIST,5
/home/jota/classroom/lab-02-qualidade-java/repos/proxyee-down/main/src/main/java/org/pdown/gui/extension/ExtensionContent.java,org.pdown.gui.extension.ExtensionContent,getConfig/0,CONFIG,1
/home/jota/classroom/lab-02-qualidade-java/repos/proxyee-down/main/src/main/java/org/pdown/gui/extension/ExtensionContent.java,org.pdown.gui.extension.ExtensionContent,getSniffRegexs/0,SNIFF_REGEXS,1
/home/jota/classroom/lab-02-qualidade-java/repos/proxyee-down/main/src/main/java/org/pdown/gui/extension/ExtensionContent.java,org.pdown.gui.extension.ExtensionContent,refresh/0,PROXY_WILDCARDS,4
/home/jota/classroom/lab-02-qualidade-java/repos/proxyee-down/main/src/main/java/org/pdown/gui/extension/ExtensionContent.java,org.pdown.gui.extension.ExtensionContent,refresh/0,SNIFF_REGEXS,4
/home/jota/classroom/lab-02-qualidade-java/repos/proxyee-down/main/src/main/java/org/pdown/gui/extension/ExtensionContent.java,org.pdown.gui.extension.ExtensionContent,refresh/0,EXTENSION_INFO_LIST,2
/home/jota/classroom/lab-02-qualidade-java/repos/proxyee-down/main/src/main/java/org/pdown/gui/extension/jsruntime/polyfill/property/XMLHttpRequest.java,org.pdown.gui.extension.jsruntime.polyfill.property.XMLHttpRequest,"setRequestHeader/2[java.lang.String,java.lang.String]",customRequestHeads,1
/home/jota/classroom/lab-02-qualidade-java/repos/proxyee-down/main/src/main/java/org/pdown/gui/extension/jsruntime/polyfill/property/XMLHttpRequest.java,org.pdown.gui.extension.jsruntime.polyfill.property.XMLHttpRequest,send/1[java.lang.String],method,1
/home/jota/classroom/lab-02-qualidade-java/repos/proxyee-down/main/src/main/java/org/pdown/gui/extension/jsruntime/polyfill/property/XMLHttpRequest.java,org.pdown.gui.extension.jsruntime.polyfill.property.XMLHttpRequest,send/1[java.lang.String],responseHeads,2
/home/jota/classroom/lab-02-qualidade-java/repos/proxyee-down/main/src/main/java/org/pdown/gui/extension/jsruntime/polyfill/property/XMLHttpRequest.java,org.pdown.gui.extension.jsruntime.polyfill.property.XMLHttpRequest,send/1[java.lang.String],responseText,1
/home/jota/classroom/lab-02-qualidade-java/repos/proxyee-down/main/src/main/java/org/pdown/gui/extension/jsruntime/polyfill/property/XMLHttpRequest.java,org.pdown.gui.extension.jsruntime.polyfill.property.XMLHttpRequest,send/1[java.lang.String],DEFAULT_UA,1
/home/jota/classroom/lab-02-qualidade-java/repos/proxyee-down/main/src/main/java/org/pdown/gui/extension/jsruntime/polyfill/property/XMLHttpRequest.java,org.pdown.gui.extension.jsruntime.polyfill.property.XMLHttpRequest,send/1[java.lang.String],customRequestHeads,1
/home/jota/classroom/lab-02-qualidade-java/repos/proxyee-down/main/src/main/java/org/pdown/gui/extension/jsruntime/polyfill/property/XMLHttpRequest.java,org.pdown.gui.extension.jsruntime.polyfill.property.XMLHttpRequest,send/1[java.lang.String],url,1
/home/jota/classroom/lab-02-qualidade-java/repos/proxyee-down/main/src/main/java/org/pdown/gui/extension/jsruntime/polyfill/property/XMLHttpRequest.java,org.pdown.gui.extension.jsruntime.polyfill.property.XMLHttpRequest,"open/3[java.lang.String,java.lang.String,boolean]",method,2
/home/jota/classroom/lab-02-qualidade-java/repos/proxyee-down/main/src/main/java/org/pdown/gui/extension/jsruntime/polyfill/property/XMLHttpRequest.java,org.pdown.gui.extension.jsruntime.polyfill.property.XMLHttpRequest,"open/3[java.lang.String,java.lang.String,boolean]",url,2
/home/jota/classroom/lab-02-qualidade-java/repos/proxyee-down/main/src/main/java/org/pdown/gui/extension/jsruntime/polyfill/property/XMLHttpRequest.java,org.pdown.gui.extension.jsruntime.polyfill.property.XMLHttpRequest,getResponseHeader/1[java.lang.String],responseHeads,1
/home/jota/classroom/lab-02-qualidade-java/repos/proxyee-down/main/src/main/java/org/pdown/gui/extension/jsruntime/polyfill/property/XMLHttpRequest.java,org.pdown.gui.extension.jsruntime.polyfill.property.XMLHttpRequest,readystatechange/1[int],readyState,2
/home/jota/classroom/lab-02-qualidade-java/repos/proxyee-down/main/src/main/java/org/pdown/gui/extension/jsruntime/polyfill/property/XMLHttpRequest.java,org.pdown.gui.extension.jsruntime.polyfill.property.XMLHttpRequest,readystatechange/1[int],status,1
/home/jota/classroom/lab-02-qualidade-java/repos/proxyee-down/main/src/main/java/org/pdown/gui/extension/jsruntime/polyfill/property/XMLHttpRequest.java,org.pdown.gui.extension.jsruntime.polyfill.property.XMLHttpRequest,"readystatechange/2[int,int]",onreadystatechange,2
/home/jota/classroom/lab-02-qualidade-java/repos/proxyee-down/main/src/main/java/org/pdown/gui/extension/jsruntime/polyfill/property/XMLHttpRequest.java,org.pdown.gui.extension.jsruntime.polyfill.property.XMLHttpRequest,"readystatechange/2[int,int]",readyState,3
/home/jota/classroom/lab-02-qualidade-java/repos/proxyee-down/main/src/main/java/org/pdown/gui/extension/jsruntime/polyfill/property/XMLHttpRequest.java,org.pdown.gui.extension.jsruntime.polyfill.property.XMLHttpRequest,"readystatechange/2[int,int]",status,3
/home/jota/classroom/lab-02-qualidade-java/repos/proxyee-down/main/src/main/java/org/pdown/gui/extension/jsruntime/polyfill/property/XMLHttpRequest.java,org.pdown.gui.extension.jsruntime.polyfill.property.XMLHttpRequest,"open/2[java.lang.String,java.lang.String]",method,3
/home/jota/classroom/lab-02-qualidade-java/repos/proxyee-down/main/src/main/java/org/pdown/gui/extension/jsruntime/polyfill/property/XMLHttpRequest.java,org.pdown.gui.extension.jsruntime.polyfill.property.XMLHttpRequest,"open/2[java.lang.String,java.lang.String]",url,3
/home/jota/classroom/lab-02-qualidade-java/repos/proxyee-down/main/src/main/java/org/pdown/gui/http/controller/NativeController.java,org.pdown.gui.http.controller.NativeController,"getUpdateProgress/2[org.pdown.gui.http.controller.Channel,org.pdown.gui.http.controller.FullHttpRequest]",updateBootstrap,5
/home/jota/classroom/lab-02-qualidade-java/repos/proxyee-down/main/src/main/java/org/pdown/gui/http/controller/NativeController.java,org.pdown.gui.http.controller.NativeController,"getInitConfig/2[org.pdown.gui.http.controller.Channel,org.pdown.gui.http.controller.FullHttpRequest]",WEEK,1
/home/jota/classroom/lab-02-qualidade-java/repos/proxyee-down/main/src/main/java/org/pdown/gui/http/controller/NativeController.java,org.pdown.gui.http.controller.NativeController,"getInitConfig/2[org.pdown.gui.http.controller.Channel,org.pdown.gui.http.controller.FullHttpRequest]",checkFlag,2
/home/jota/classroom/lab-02-qualidade-java/repos/proxyee-down/main/src/main/java/org/pdown/gui/http/controller/NativeController.java,org.pdown.gui.http.controller.NativeController,"doUpdate/2[org.pdown.gui.http.controller.Channel,org.pdown.gui.http.controller.FullHttpRequest]",updateBootstrap,1
/home/jota/classroom/lab-02-qualidade-java/repos/proxyee-down/main/src/main/java/org/pdown/gui/http/controller/NativeController.java,org.pdown.gui.http.controller.NativeController,"onResolve/2[org.pdown.gui.http.controller.Channel,org.pdown.gui.http.controller.FullHttpRequest]",LOGGER,1
/home/jota/classroom/lab-02-qualidade-java/repos/proxyee-down/main/src/main/java/org/pdown/gui/http/controller/NativeController.java,org.pdown.gui.http.controller.NativeController,"installCert/2[org.pdown.gui.http.controller.Channel,org.pdown.gui.http.controller.FullHttpRequest]",LOGGER,1
/home/jota/classroom/lab-02-qualidade-java/repos/proxyee-down/runner/src/main/java/org/pdown/gui/Runner.java,org.pdown.gui.Runner,parseVmOptions/0,VM_OPTIONS_PATH,2
/home/jota/classroom/lab-02-qualidade-java/repos/proxyee-down/runner/src/main/java/org/pdown/gui/Runner.java,org.pdown.gui.Runner,fork/0,MAIN_JAR_PATH,3
/home/jota/classroom/lab-02-qualidade-java/repos/proxyee-down/runner/src/main/java/org/pdown/gui/Runner.java,org.pdown.gui.Runner,fork/0,JAVA_CMD_PATH,1
/home/jota/classroom/lab-02-qualidade-java/repos/proxyee-down/runner/src/main/java/org/pdown/gui/Runner.java,org.pdown.gui.Runner,fork/0,VM_OPTIONS,2
/home/jota/classroom/lab-02-qualidade-java/repos/proxyee-down/runner/src/main/java/org/pdown/gui/Runner.java,org.pdown.gui.Runner,fork/0,MAIN_JAR_BAK_PATH,1
/home/jota/classroom/lab-02-qualidade-java/repos/proxyee-down/runner/src/main/java/org/pdown/gui/Runner.java,org.pdown.gui.Runner,main/1[java.lang.String[]],VM_OPTIONS,1
/home/jota/classroom/lab-02-qualidade-java/repos/proxyee-down/main/src/main/java/org/pdown/gui/extension/mitm/ssl/PDownCACertFactory.java,org.pdown.gui.extension.mitm.ssl.PDownCACertFactory,getCACert/0,SSL_PATH,1
/home/jota/classroom/lab-02-qualidade-java/repos/proxyee-down/main/src/main/java/org/pdown/gui/extension/mitm/ssl/PDownCACertFactory.java,org.pdown.gui.extension.mitm.ssl.PDownCACertFactory,getCAPriKey/0,SSL_PATH,1
/home/jota/classroom/lab-02-qualidade-java/repos/proxyee-down/main/src/main/java/org/pdown/gui/extension/mitm/intercept/AjaxIntercept.java,org.pdown.gui.extension.mitm.intercept.AjaxIntercept$ProxyRequest,setRawData/1[java.lang.String],rawData,3
/home/jota/classroom/lab-02-qualidade-java/repos/proxyee-down/main/src/main/java/org/pdown/gui/extension/mitm/intercept/AjaxIntercept.java,org.pdown.gui.extension.mitm.intercept.AjaxIntercept$ProxyRequest,"setHeads/1[java.util.Map<java.lang.String,java.lang.String>]",heads,3
/home/jota/classroom/lab-02-qualidade-java/repos/proxyee-down/main/src/main/java/org/pdown/gui/extension/mitm/intercept/AjaxIntercept.java,org.pdown.gui.extension.mitm.intercept.AjaxIntercept$ProxyRequest,setMethod/1[java.lang.String],method,3
/home/jota/classroom/lab-02-qualidade-java/repos/proxyee-down/main/src/main/java/org/pdown/gui/extension/mitm/intercept/AjaxIntercept.java,org.pdown.gui.extension.mitm.intercept.AjaxIntercept$ProxyRequest,getData/0,data,1
/home/jota/classroom/lab-02-qualidade-java/repos/proxyee-down/main/src/main/java/org/pdown/gui/extension/mitm/intercept/AjaxIntercept.java,org.pdown.gui.extension.mitm.intercept.AjaxIntercept$ProxyRequest,setUrl/1[java.lang.String],url,3
/home/jota/classroom/lab-02-qualidade-java/repos/proxyee-down/main/src/main/java/org/pdown/gui/extension/mitm/intercept/AjaxIntercept.java,org.pdown.gui.extension.mitm.intercept.AjaxIntercept$ProxyRequest,getMethod/0,method,1
/home/jota/classroom/lab-02-qualidade-java/repos/proxyee-down/main/src/main/java/org/pdown/gui/extension/mitm/intercept/AjaxIntercept.java,org.pdown.gui.extension.mitm.intercept.AjaxIntercept$ProxyRequest,getHeads/0,heads,1
/home/jota/classroom/lab-02-qualidade-java/repos/proxyee-down/main/src/main/java/org/pdown/gui/extension/mitm/intercept/AjaxIntercept.java,org.pdown.gui.extension.mitm.intercept.AjaxIntercept$ProxyRequest,"setData/1[java.util.Map<java.lang.String,java.lang.Object>]",data,3
/home/jota/classroom/lab-02-qualidade-java/repos/proxyee-down/main/src/main/java/org/pdown/gui/extension/mitm/intercept/AjaxIntercept.java,org.pdown.gui.extension.mitm.intercept.AjaxIntercept$ProxyRequest,getRawData/0,rawData,1
/home/jota/classroom/lab-02-qualidade-java/repos/proxyee-down/main/src/main/java/org/pdown/gui/extension/mitm/intercept/AjaxIntercept.java,org.pdown.gui.extension.mitm.intercept.AjaxIntercept$ProxyRequest,getUrl/0,url,1
/home/jota/classroom/lab-02-qualidade-java/repos/proxyee-down/main/src/main/java/org/pdown/gui/com/CheckboxMenuItemGroup.java,org.pdown.gui.com.CheckboxMenuItemGroup,add/1[java.awt.CheckboxMenuItem],items,1
/home/jota/classroom/lab-02-qualidade-java/repos/proxyee-down/main/src/main/java/org/pdown/gui/com/CheckboxMenuItemGroup.java,org.pdown.gui.com.CheckboxMenuItemGroup,itemStateChanged/1[java.awt.event.ItemEvent],itemListener,2
/home/jota/classroom/lab-02-qualidade-java/repos/proxyee-down/main/src/main/java/org/pdown/gui/com/CheckboxMenuItemGroup.java,org.pdown.gui.com.CheckboxMenuItemGroup,itemStateChanged/1[java.awt.event.ItemEvent],items,1
/home/jota/classroom/lab-02-qualidade-java/repos/proxyee-down/main/src/main/java/org/pdown/gui/com/CheckboxMenuItemGroup.java,org.pdown.gui.com.CheckboxMenuItemGroup,getSelectedItem/0,items,1
/home/jota/classroom/lab-02-qualidade-java/repos/proxyee-down/main/src/main/java/org/pdown/gui/com/CheckboxMenuItemGroup.java,org.pdown.gui.com.CheckboxMenuItemGroup,addActionListener/1[java.awt.event.ItemListener],itemListener,3
/home/jota/classroom/lab-02-qualidade-java/repos/proxyee-down/main/src/main/java/org/pdown/gui/com/CheckboxMenuItemGroup.java,org.pdown.gui.com.CheckboxMenuItemGroup,selectItem/1[java.awt.CheckboxMenuItem],items,1
/home/jota/classroom/lab-02-qualidade-java/repos/proxyee-down/main/src/main/java/org/pdown/gui/DownApplication.java,org.pdown.gui.DownApplication,initExtension/0,LOGGER,2
/home/jota/classroom/lab-02-qualidade-java/repos/proxyee-down/main/src/main/java/org/pdown/gui/DownApplication.java,org.pdown.gui.DownApplication,refreshBrowserMenu/0,browser,1
/home/jota/classroom/lab-02-qualidade-java/repos/proxyee-down/main/src/main/java/org/pdown/gui/DownApplication.java,org.pdown.gui.DownApplication,initBrowser/0,stage,1
/home/jota/classroom/lab-02-qualidade-java/repos/proxyee-down/main/src/main/java/org/pdown/gui/DownApplication.java,org.pdown.gui.DownApplication,initBrowser/0,browser,2
/home/jota/classroom/lab-02-qualidade-java/repos/proxyee-down/main/src/main/java/org/pdown/gui/DownApplication.java,org.pdown.gui.DownApplication,initBrowser/0,countDownLatch,1
/home/jota/classroom/lab-02-qualidade-java/repos/proxyee-down/main/src/main/java/org/pdown/gui/DownApplication.java,org.pdown.gui.DownApplication,"loadUri/3[java.lang.String,boolean,boolean]",browser,2
/home/jota/classroom/lab-02-qualidade-java/repos/proxyee-down/main/src/main/java/org/pdown/gui/DownApplication.java,org.pdown.gui.DownApplication,"loadUri/3[java.lang.String,boolean,boolean]",LOGGER,1
/home/jota/classroom/lab-02-qualidade-java/repos/proxyee-down/main/src/main/java/org/pdown/gui/DownApplication.java,org.pdown.gui.DownApplication,"loadUri/3[java.lang.String,boolean,boolean]",FRONT_PORT,1
/home/jota/classroom/lab-02-qualidade-java/repos/proxyee-down/main/src/main/java/org/pdown/gui/DownApplication.java,org.pdown.gui.DownApplication,start/1[org.pdown.gui.Stage],stage,1
/home/jota/classroom/lab-02-qualidade-java/repos/proxyee-down/main/src/main/java/org/pdown/gui/DownApplication.java,org.pdown.gui.DownApplication,start/1[org.pdown.gui.Stage],INSTANCE,1
/home/jota/classroom/lab-02-qualidade-java/repos/proxyee-down/main/src/main/java/org/pdown/gui/DownApplication.java,org.pdown.gui.DownApplication,initTray/0,ICON_PATH,1
/home/jota/classroom/lab-02-qualidade-java/repos/proxyee-down/main/src/main/java/org/pdown/gui/DownApplication.java,org.pdown.gui.DownApplication,initTray/0,trayIcon,3
/home/jota/classroom/lab-02-qualidade-java/repos/proxyee-down/main/src/main/java/org/pdown/gui/DownApplication.java,org.pdown.gui.DownApplication,initRest/0,REST_PORT,1
/home/jota/classroom/lab-02-qualidade-java/repos/proxyee-down/main/src/main/java/org/pdown/gui/DownApplication.java,org.pdown.gui.DownApplication,initConfig/0,API_PORT,4
/home/jota/classroom/lab-02-qualidade-java/repos/proxyee-down/main/src/main/java/org/pdown/gui/DownApplication.java,org.pdown.gui.DownApplication,initConfig/0,LOGGER,1
/home/jota/classroom/lab-02-qualidade-java/repos/proxyee-down/main/src/main/java/org/pdown/gui/DownApplication.java,org.pdown.gui.DownApplication,initConfig/0,FRONT_PORT,3
/home/jota/classroom/lab-02-qualidade-java/repos/proxyee-down/main/src/main/java/org/pdown/gui/DownApplication.java,org.pdown.gui.DownApplication,show/1[boolean],stage,8
/home/jota/classroom/lab-02-qualidade-java/repos/proxyee-down/main/src/main/java/org/pdown/gui/DownApplication.java,org.pdown.gui.DownApplication,doCheck/0,REST_PORT,1
/home/jota/classroom/lab-02-qualidade-java/repos/proxyee-down/main/src/main/java/org/pdown/gui/DownApplication.java,org.pdown.gui.DownApplication,initMacMITMTool/0,LOGGER,1
/home/jota/classroom/lab-02-qualidade-java/repos/proxyee-down/main/src/main/java/org/pdown/gui/DownApplication.java,org.pdown.gui.DownApplication,initMacMITMTool/0,macToolPort,3
/home/jota/classroom/lab-02-qualidade-java/repos/proxyee-down/main/src/main/java/org/pdown/gui/DownApplication.java,org.pdown.gui.DownApplication,initEmbedHttpServer/0,API_PORT,1
/home/jota/classroom/lab-02-qualidade-java/repos/proxyee-down/main/src/main/java/org/pdown/gui/DownApplication.java,org.pdown.gui.DownApplication,initEmbedHttpServer/0,countDownLatch,2
/home/jota/classroom/lab-02-qualidade-java/repos/proxyee-down/main/src/main/java/org/pdown/gui/DownApplication.java,org.pdown.gui.DownApplication,initWindow/0,ICON_PATH,1
/home/jota/classroom/lab-02-qualidade-java/repos/proxyee-down/main/src/main/java/org/pdown/gui/DownApplication.java,org.pdown.gui.DownApplication,initWindow/0,stage,9
/home/jota/classroom/lab-02-qualidade-java/repos/proxyee-down/main/src/main/java/org/pdown/gui/DownApplication.java,org.pdown.gui.DownApplication,loadPopupMenu/0,trayIcon,1
/home/jota/classroom/lab-02-qualidade-java/repos/proxyee-down/main/src/main/java/org/pdown/gui/extension/HookScript.java,org.pdown.gui.extension.HookScript,"hasEvent/2[java.lang.String,java.lang.String]",events,2
/home/jota/classroom/lab-02-qualidade-java/repos/proxyee-down/main/src/main/java/org/pdown/gui/extension/HookScript.java,org.pdown.gui.extension.HookScript,getScript/0,script,1
/home/jota/classroom/lab-02-qualidade-java/repos/proxyee-down/main/src/main/java/org/pdown/gui/extension/HookScript.java,org.pdown.gui.extension.HookScript,setScript/1[java.lang.String],script,3
/home/jota/classroom/lab-02-qualidade-java/repos/proxyee-down/main/src/main/java/org/pdown/gui/extension/HookScript.java,org.pdown.gui.extension.HookScript,getEvents/0,events,1
/home/jota/classroom/lab-02-qualidade-java/repos/proxyee-down/main/src/main/java/org/pdown/gui/extension/HookScript.java,org.pdown.gui.extension.HookScript,setEvents/1[org.pdown.gui.extension.HookScript.Event[]],events,3
/home/jota/classroom/lab-02-qualidade-java/repos/proxyee-down/main/src/main/java/org/pdown/gui/util/ConfigUtil.java,org.pdown.gui.util.ConfigUtil,getInt/1[java.lang.String],map,1
/home/jota/classroom/lab-02-qualidade-java/repos/proxyee-down/main/src/main/java/org/pdown/gui/util/ConfigUtil.java,org.pdown.gui.util.ConfigUtil,"getString/2[java.util.Map<java.lang.String,java.lang.Object>,java.lang.String]",map,2
/home/jota/classroom/lab-02-qualidade-java/repos/proxyee-down/main/src/main/java/org/pdown/gui/util/ConfigUtil.java,org.pdown.gui.util.ConfigUtil,getString/1[java.lang.String],map,1
/home/jota/classroom/lab-02-qualidade-java/repos/proxyee-down/main/src/main/java/org/pdown/gui/util/ConfigUtil.java,org.pdown.gui.util.ConfigUtil,"getInt/2[java.util.Map<java.lang.String,java.lang.Object>,java.lang.String]",map,2
/home/jota/classroom/lab-02-qualidade-java/repos/proxyee-down/main/src/main/java/org/pdown/gui/util/ConfigUtil.java,org.pdown.gui.util.ConfigUtil,getBoolean/1[java.lang.String],map,1
/home/jota/classroom/lab-02-qualidade-java/repos/proxyee-down/main/src/main/java/org/pdown/gui/util/ConfigUtil.java,org.pdown.gui.util.ConfigUtil,"getBoolean/2[java.util.Map<java.lang.String,java.lang.Object>,java.lang.String]",map,2
/home/jota/classroom/lab-02-qualidade-java/repos/proxyee-down/main/src/main/java/org/pdown/gui/util/ConfigUtil.java,org.pdown.gui.util.ConfigUtil,"get/2[java.util.Map<java.lang.String,java.lang.Object>,java.lang.String]",map,5
/home/jota/classroom/lab-02-qualidade-java/repos/proxyee-down/main/src/main/java/org/pdown/gui/http/EmbedHttpServer.java,org.pdown.gui.http.EmbedHttpServer,start/1[org.pdown.gui.http.GenericFutureListener],port,1
/home/jota/classroom/lab-02-qualidade-java/repos/proxyee-down/main/src/main/java/org/pdown/gui/http/EmbedHttpServer.java,org.pdown.gui.http.EmbedHttpServer,"invoke/3[java.lang.String,org.pdown.gui.http.Channel,org.pdown.gui.http.FullHttpRequest]",controllerList,2
/home/jota/classroom/lab-02-qualidade-java/repos/proxyee-down/main/src/main/java/org/pdown/gui/http/EmbedHttpServer.java,org.pdown.gui.http.EmbedHttpServer,"invoke/3[java.lang.String,org.pdown.gui.http.Channel,org.pdown.gui.http.FullHttpRequest]",defaultController,1
/home/jota/classroom/lab-02-qualidade-java/repos/proxyee-down/main/src/main/java/org/pdown/gui/http/EmbedHttpServer.java,org.pdown.gui.http.EmbedHttpServer,addController/1[java.lang.Object],controllerList,1
/home/jota/classroom/lab-02-qualidade-java/repos/proxyee-down/main/src/main/java/org/pdown/gui/http/EmbedHttpServer.java,org.pdown.gui.http.EmbedHttpServer,EmbedHttpServer/1[int],port,3
/home/jota/classroom/lab-02-qualidade-java/repos/proxyee-down/main/src/main/java/org/pdown/gui/http/EmbedHttpServer.java,org.pdown.gui.http.EmbedHttpServer,EmbedHttpServer/1[int],controllerList,1
/home/jota/classroom/lab-02-qualidade-java/repos/proxyee-down/main/src/main/java/org/pdown/gui/http/EmbedHttpServer.java,org.pdown.gui.http.EmbedHttpServer,EmbedHttpServer/1[int],defaultController,1
/home/jota/classroom/lab-02-qualidade-java/repos/proxyee-down/main/src/main/java/org/pdown/gui/extension/util/ExtensionUtil.java,org.pdown.gui.extension.util.ExtensionUtil,"invoke/4[org.pdown.gui.extension.ExtensionInfo,org.pdown.gui.extension.HookScript.Event,java.lang.Object,boolean]",LOGGER,1
/home/jota/classroom/lab-02-qualidade-java/repos/proxyee-down/main/src/main/java/org/pdown/gui/util/AppUtil.java,org.pdown.gui.util.AppUtil,checkIsInstalledCert/0,CERT_PATH,2
/home/jota/classroom/lab-02-qualidade-java/repos/proxyee-down/main/src/main/java/org/pdown/gui/util/AppUtil.java,org.pdown.gui.util.AppUtil,checkIsInstalledCert/0,PRIVATE_PATH,1
/home/jota/classroom/lab-02-qualidade-java/repos/proxyee-down/main/src/main/java/org/pdown/gui/extension/mitm/server/PDownProxyServer.java,org.pdown.gui.extension.mitm.server.PDownProxyServer,start/1[int],httpProxyServer,2
/home/jota/classroom/lab-02-qualidade-java/repos/proxyee-down/main/src/main/java/org/pdown/gui/extension/mitm/server/PDownProxyServer.java,org.pdown.gui.extension.mitm.server.PDownProxyServer,start/1[int],isStart,1
/home/jota/classroom/lab-02-qualidade-java/repos/proxyee-down/main/src/main/java/org/pdown/gui/extension/mitm/server/PDownProxyServer.java,org.pdown.gui.extension.mitm.server.PDownProxyServer,close/0,httpProxyServer,2
/home/jota/classroom/lab-02-qualidade-java/repos/proxyee-down/main/src/main/java/org/pdown/gui/extension/mitm/server/PDownProxyServer.java,org.pdown.gui.extension.mitm.server.PDownProxyServer,close/0,isStart,1
/home/jota/classroom/lab-02-qualidade-java/repos/proxyee-down/main/src/main/java/org/pdown/gui/update/CheckUpdate.java,org.pdown.gui.update.CheckUpdate,doCheck/0,LOGGER,1
/home/jota/classroom/lab-02-qualidade-java/repos/proxyee-down/main/src/main/java/org/pdown/gui/content/PDownConfigContent.java,org.pdown.gui.content.PDownConfigContent,getInstance/0,INSTANCE,1
